STUDYID|DOMAIN|TDORDER|TDANCVAR|TDSTOFF|TDTGTPAI|TDMINPAI|TDMAXPAI|TDNUMRPT
Study ID|TD|1|A reference to the date variable name...|P1Y2M10DT2H30M|P1Y2M10DT2H30M|P1Y2M10DT2H30M|P1Y2M10DT2H30M|2
Study ID|TD|2|A reference to the date variable name...|P1Y2M10DT2H30M|P1Y2M10DT2H30M|P1Y2M10DT2H30M|P1Y2M10DT2H30M|6
Study ID|TD|3|A reference to the date variable name...|P1Y2M10DT2H30M|P1Y2M10DT2H30M|P1Y2M10DT2H30M|P1Y2M10DT2H30M|4
Study ID|TD|4|A reference to the date variable name...|P1Y2M10DT2H30M|P1Y2M10DT2H30M|P1Y2M10DT2H30M|P1Y2M10DT2H30M|5
Study ID|TD|5|A reference to the date variable name...|P1Y2M10DT2H30M|P1Y2M10DT2H30M|P1Y2M10DT2H30M|P1Y2M10DT2H30M|3
